song_id,valence_mean,arousal_mean,mood,accurate? y/n,,,,
2,3.1,3,bored,y,,,,
3,3.5,3.3,bored,y,,,number,precentage
4,5.7,5.5,happy,y,,favor,8,36.36%
5,4.4,5.3,angry,n,,disagreement,14,63.64%
7,5.8,6.4,excited,y,,total,22,100.00%
8,3.2,4.8,nervous,n,,,,
10,4,4.7,bored,y,,,,
12,5.5,5.8,happy,n,,,,
13,3.2,4,sad,n,,,,
17,4.4,6,annoyed,n,,ranked:,,
18,4.8,3.9,bored,y,,mood,# of instances,contribution
19,5.9,4.3,peaceful,n,,happy,404,23.15%
20,5.4,6.5,excited,n,,bored,243,13.93%
21,6.6,6.3,happy,n,,sleepy,222,12.72%
22,4,4.8,angry,n,,excited,189,10.83%
24,5.3,3.9,peaceful,n,,angry,152,8.71%
25,7.9,4.7,relaxed,n,,peaceful,125,7.16%
31,4.7,3.8,bored,n,,sad,121,6.93%
32,4.2,3.3,sleepy,y,,pleased,94,5.39%
35,4.8,6.5,annoyed,y,,calm,57,3.27%
37,6.6,5.3,pleased,n,,annoyed,57,3.27%
39,7.3,5.4,pleased,n,,nervous,44,2.52%
40,4.6,4.8,angry,,,relaxed,25,1.43%
41,4.3,5.1,angry,,,,,
42,6.1,5.1,pleased,,,,,
43,6.7,3.5,peaceful,,,,,
44,3.9,4.9,angry,,,,,
45,5.1,2.1,calm,,,,,
46,5.3,4,peaceful,,,,,
47,4.4,4.4,bored,,,,,
48,4.5,4.8,angry,,,,,
49,3.9,5.3,angry,,,,,
50,3.6,4.8,nervous,,,,,
51,3.6,3.2,bored,,,,,
52,4.6,5.1,angry,,,,,
53,4.3,5.1,angry,,,,,
54,3.1,3.3,bored,,,,,
55,5.8,5.4,happy,,,,,
56,6.4,5.8,pleased,,,,,
58,3.3,3.4,bored,,,,,
59,5.3,4.1,peaceful,,,,,
60,4.3,6.4,annoyed,,,,,
62,6.2,3.9,relaxed,,,,,
64,3.6,4.9,nervous,,,,,
65,6.4,5.8,pleased,,,,,
67,7.2,6.8,happy,,,,,
68,3.8,4.9,angry,,,,,
69,3.2,3.9,sad,,,,,
70,4.4,3.6,sleepy,,,,,
71,5.9,3.7,calm,,,,,
72,6.7,5.6,pleased,,,,,
73,5.8,5.6,happy,,,,,
74,3,4.3,sad,,,,,
76,4.3,3.2,sleepy,,,,,
77,4.2,2.9,sleepy,,,,,
78,3.4,3.9,sad,,,,,
79,5.5,5.5,happy,,,,,
80,6,5.1,happy,,,,,
81,6.1,3.9,relaxed,,,,,
82,2.9,3.5,bored,,,,,
83,6.1,5.8,pleased,,,,,
84,5.9,5.6,happy,,,,,
85,7.1,6.2,happy,,,,,
86,5.4,5.6,happy,,,,,
87,5.3,2.6,calm,,,,,
88,6.7,5.5,pleased,,,,,
89,4.5,4.8,angry,,,,,
90,4.3,4.2,bored,,,,,
91,4.5,5.5,angry,,,,,
92,5.8,4.7,peaceful,,,,,
93,7.2,6,happy,,,,,
95,3.3,4.6,sad,,,,,
96,6.8,6.9,happy,,,,,
98,4.3,2.7,sleepy,,,,,
99,4.3,4.1,bored,,,,,
101,3.4,2.8,bored,,,,,
102,6.5,5.4,pleased,,,,,
103,5.6,3.3,calm,,,,,
104,6.1,3.3,peaceful,,,,,
105,6.5,5,pleased,,,,,
106,4.6,3.3,sleepy,,,,,
107,6,4.8,happy,,,,,
108,4.5,4.2,bored,,,,,
109,4.4,4.5,bored,,,,,
110,4.4,2.8,sleepy,,,,,
111,5.3,5.3,happy,,,,,
112,6.8,6.4,happy,,,,,
113,5.4,3.8,peaceful,,,,,
114,4.8,5.7,angry,,,,,
115,8.4,7.8,happy,,,,,
116,4.4,3.9,bored,,,,,
117,3.9,5,angry,,,,,
118,4.9,4.6,peaceful,,,,,
119,4.3,3.2,sleepy,,,,,
120,3.8,5,angry,,,,,
121,3.1,3.9,sad,,,,,
122,5.5,4.6,peaceful,,,,,
123,6.1,6.2,happy,,,,,
124,3.7,2.8,bored,,,,,
125,4.5,4.2,bored,,,,,
126,5.1,6.1,excited,,,,,
127,3,5.3,nervous,,,,,
128,3.6,4,sad,,,,,
129,4.2,6,annoyed,,,,,
130,3.3,4.2,sad,,,,,
131,6.1,4.9,pleased,,,,,
133,2.8,2.2,sleepy,,,,,
134,5.4,6,excited,,,,,
135,3.7,3.5,bored,,,,,
136,6.8,6.2,happy,,,,,
137,4.3,5.8,angry,,,,,
138,3.8,2.4,sleepy,,,,,
140,4.2,4.5,bored,,,,,
142,4.6,4.8,angry,,,,,
143,4,4.9,angry,,,,,
144,3.4,4.7,sad,,,,,
145,3.1,5.4,nervous,,,,,
146,2.4,3.5,sad,,,,,
148,4.7,5,angry,,,,,
149,3.4,3.1,bored,,,,,
150,5,5.4,happy,,,,,
151,4,4.5,bored,,,,,
152,4.4,5.6,angry,,,,,
153,3.9,4.5,bored,,,,,
154,4.2,4.1,bored,,,,,
155,3.6,5.4,nervous,,,,,
156,6.4,6.7,happy,,,,,
157,4,6.2,annoyed,,,,,
158,2.1,3.6,sad,,,,,
159,3.8,3.1,sleepy,,,,,
160,3.5,3.5,bored,,,,,
161,6.3,3.5,peaceful,,,,,
162,3.7,4.6,sad,,,,,
163,3.6,4.5,sad,,,,,
164,4.1,2.9,sleepy,,,,,
166,3.1,4.2,sad,,,,,
167,2.7,3.3,bored,,,,,
168,3.3,3.4,bored,,,,,
169,2.4,2.8,sad,,,,,
170,3,5,nervous,,,,,
171,2.1,3.6,sad,,,,,
172,3.8,5,angry,,,,,
173,4.6,2.2,sleepy,,,,,
174,4,3.8,bored,,,,,
175,3.7,4.3,sad,,,,,
176,2.4,3.9,sad,,,,,
177,4.8,5.6,angry,,,,,
178,2.8,3.7,bored,,,,,
179,5.2,6,excited,,,,,
180,4.8,5.9,annoyed,,,,,
181,3.7,2.5,sleepy,,,,,
182,2.2,3.7,sad,,,,,
184,3.6,3.4,bored,,,,,
185,4.9,4.6,peaceful,,,,,
186,3.7,4,sad,,,,,
187,2.5,3.7,sad,,,,,
188,4,3.3,sleepy,,,,,
189,6.5,7.1,excited,,,,,
190,2.8,3.1,bored,,,,,
191,5.1,6.3,excited,,,,,
192,5.8,6.1,excited,,,,,
193,4.1,3,sleepy,,,,,
194,2.7,4.7,sad,,,,,
195,4.2,2.7,sleepy,,,,,
196,4.3,4.5,bored,,,,,
197,2.2,2.8,sad,,,,,
198,1.9,3.3,sad,,,,,
199,5.3,5.7,happy,,,,,
201,3.7,4.8,nervous,,,,,
202,4.6,5.2,angry,,,,,
203,3.5,4.8,nervous,,,,,
204,3.6,2.2,sleepy,,,,,
205,3,4.5,sad,,,,,
206,2.3,2.6,error,,,,,
207,4.8,4.8,angry,,,,,
208,4.8,6.5,annoyed,,,,,
209,3.1,4.6,sad,,,,,
210,4.2,5.5,angry,,,,,
211,3.1,4.9,nervous,,,,,
212,4.6,5.4,angry,,,,,
213,2.6,2.5,error,,,,,
214,3.6,4.1,sad,,,,,
215,3.2,2.6,sleepy,,,,,
216,4.5,5.3,angry,,,,,
217,3.5,4.8,nervous,,,,,
218,2.9,4,sad,,,,,
219,2.4,3.8,sad,,,,,
220,4.1,3.4,sleepy,,,,,
221,4.3,3.4,sleepy,,,,,
222,3.8,4.3,bored,,,,,
223,2.2,3.5,sad,,,,,
224,5.5,5.7,happy,,,,,
225,3.7,4.2,sad,,,,,
226,4.9,5,happy,,,,,
227,3.1,3.5,bored,,,,,
228,3.5,4,sad,,,,,
229,4.8,4.8,angry,,,,,
231,4.1,5.6,angry,,,,,
232,2.5,2.7,sad,,,,,
233,4.7,4.5,bored,,,,,
234,3.5,3.9,sad,,,,,
235,3,3.7,bored,,,,,
236,2.5,2.4,error,,,,,
237,4.2,3.9,bored,,,,,
238,3,4.6,sad,,,,,
239,2.3,3.3,sad,,,,,
240,6.4,6.6,happy,,,,,
241,4.1,4.6,bored,,,,,
242,3.5,4.7,sad,,,,,
243,7.2,4.1,relaxed,,,,,
244,4.3,4.2,bored,,,,,
245,4.2,6.1,annoyed,,,,,
246,4.9,3.2,calm,,,,,
247,3.9,4.5,bored,,,,,
248,3.4,3.7,bored,,,,,
250,3.4,3.6,bored,,,,,
253,6.6,2.5,calm,,,,,
254,5.3,7.4,excited,,,,,
257,7.6,6.9,pleased,,,,,
258,4.3,4.3,bored,,,,,
260,5.3,3.6,calm,,,,,
262,5.6,6.9,excited,,,,,
264,5.3,5.5,happy,,,,,
265,4.5,6.4,annoyed,,,,,
266,3.6,4.8,nervous,,,,,
269,4.3,4.8,angry,,,,,
270,6.1,7.1,excited,,,,,
272,5.9,6.4,excited,,,,,
273,5.4,7.2,excited,,,,,
274,7.7,6,pleased,,,,,
275,5.3,5.5,happy,,,,,
276,6.1,5.3,pleased,,,,,
278,5.5,5.1,happy,,,,,
279,3.6,4.7,sad,,,,,
280,4.2,3.3,sleepy,,,,,
281,5.4,7,excited,,,,,
282,3.2,4.2,sad,,,,,
284,4.4,5.2,angry,,,,,
285,3.5,5.1,nervous,,,,,
286,5.7,6.9,excited,,,,,
288,3.5,5.2,nervous,,,,,
289,5.7,6.7,excited,,,,,
290,2.1,3.9,sad,,,,,
292,7.3,7.4,happy,,,,,
293,6.3,4.2,relaxed,,,,,
294,5.5,6.5,excited,,,,,
296,5.9,5.7,happy,,,,,
297,3.1,3.6,bored,,,,,
298,4,5.4,angry,,,,,
299,2.8,4.3,sad,,,,,
300,6.8,4.5,relaxed,,,,,
301,3.2,3.7,bored,,,,,
302,6.6,7,excited,,,,,
303,7,6.4,happy,,,,,
304,3.8,4.6,bored,,,,,
305,6.4,6.8,happy,,,,,
306,5.7,6.7,excited,,,,,
307,6.1,6.8,happy,,,,,
308,4.3,6.6,annoyed,,,,,
309,5.3,5.8,happy,,,,,
310,2.1,2.7,sad,,,,,
311,5.8,6.9,excited,,,,,
312,4.6,5.8,angry,,,,,
313,3.6,5.3,nervous,,,,,
314,5.8,5.9,excited,,,,,
315,6.4,7.5,excited,,,,,
316,2.8,3.5,bored,,,,,
317,6.1,4.3,relaxed,,,,,
318,5.9,5.9,excited,,,,,
319,4.5,6.6,annoyed,,,,,
320,7.4,6.6,pleased,,,,,
321,7.3,6,pleased,,,,,
322,6.1,7.6,excited,,,,,
323,4.82,5.73,angry,,,,,
324,3.3,4.7,sad,,,,,
325,5.5,5.4,happy,,,,,
326,5.4,7.2,excited,,,,,
327,6,7.1,excited,,,,,
328,5.2,4.2,peaceful,,,,,
329,3.3,4.2,sad,,,,,
330,5.9,3.1,calm,,,,,
332,5.5,6.9,excited,,,,,
333,6.7,6.1,happy,,,,,
334,5.9,5.9,excited,,,,,
335,6.8,6.8,happy,,,,,
336,6.1,6.6,happy,,,,,
338,3,3.8,sad,,,,,
339,5.9,6.9,excited,,,,,
340,3.8,4.6,bored,,,,,
341,3.8,4.4,bored,,,,,
342,4,5.1,angry,,,,,
343,7,8.1,excited,,,,,
344,4.6,5.2,angry,,,,,
345,7.2,6.5,happy,,,,,
346,6.7,7.3,excited,,,,,
347,3.82,5.82,angry,,,,,
348,5,5.7,happy,,,,,
349,4.6,5.8,angry,,,,,
350,6,6.5,excited,,,,,
352,5.5,4.5,peaceful,,,,,
353,4,4.8,angry,,,,,
354,7.1,6.4,happy,,,,,
355,5.1,6.5,excited,,,,,
356,4.6,5.6,angry,,,,,
357,4.8,6.5,annoyed,,,,,
358,5.6,4.2,peaceful,,,,,
359,2.5,3.7,sad,,,,,
360,2.5,5.5,nervous,,,,,
361,2.55,3.36,sad,,,,,
362,4,5.9,annoyed,,,,,
364,5.5,6.5,excited,,,,,
365,6,7.1,excited,,,,,
366,6.9,6.1,happy,,,,,
367,3.1,2.7,bored,,,,,
368,4.8,6.1,annoyed,,,,,
369,2.9,3.4,bored,,,,,
370,3.8,3.4,sleepy,,,,,
371,5.2,6.6,excited,,,,,
372,3.6,4.8,nervous,,,,,
374,7,4.9,pleased,,,,,
375,1.9,2.8,sad,,,,,
376,5,5.9,excited,,,,,
378,5.5,5.9,excited,,,,,
379,1.9,2.9,sad,,,,,
380,5.6,4.8,happy,,,,,
381,6,6.7,excited,,,,,
383,4.2,3.6,sleepy,,,,,
384,3.6,4.1,sad,,,,,
386,5,5.5,happy,,,,,
387,6.2,6.2,happy,,,,,
390,5.7,6.2,excited,,,,,
391,5.5,6.1,excited,,,,,
392,3.4,4.8,nervous,,,,,
393,6,6.4,excited,,,,,
395,6.7,6.2,happy,,,,,
397,7,7,excited,,,,,
399,6.7,7,excited,,,,,
400,5.1,5.6,happy,,,,,
401,5.5,6.4,excited,,,,,
402,7.1,7.1,excited,,,,,
403,5.1,5.2,happy,,,,,
404,6.9,6.8,happy,,,,,
405,6.1,7.4,excited,,,,,
406,5.3,4.3,peaceful,,,,,
407,4.3,4.5,bored,,,,,
408,6.6,6.1,happy,,,,,
410,3.8,5.1,angry,,,,,
415,6,5.2,happy,,,,,
416,5.5,5.2,happy,,,,,
419,3.3,4,sad,,,,,
420,4.5,5.4,angry,,,,,
422,2.8,3.7,bored,,,,,
423,5.2,4.5,peaceful,,,,,
425,7.1,6.8,happy,,,,,
426,5.3,5.3,happy,,,,,
427,5.2,5.8,happy,,,,,
428,6.6,6.6,happy,,,,,
429,3.3,4.3,sad,,,,,
430,4,2.9,sleepy,,,,,
431,6.1,5.5,pleased,,,,,
432,5.3,5.3,happy,,,,,
435,4.5,5.9,annoyed,,,,,
436,4.3,5.2,angry,,,,,
437,5.2,4.3,peaceful,,,,,
440,5.3,6.3,excited,,,,,
441,4.6,5.1,angry,,,,,
442,4.1,4.5,bored,,,,,
444,2.3,2.5,error,,,,,
445,2.4,4.6,sad,,,,,
448,6.7,6.5,happy,,,,,
449,3.6,3.8,sad,,,,,
450,4.1,5,angry,,,,,
451,4.9,4.4,peaceful,,,,,
452,5.45,6.75,excited,,,,,
453,4.6,5.6,angry,,,,,
454,5,4.8,happy,,,,,
455,5.4,5.7,happy,,,,,
456,6.1,2.3,calm,,,,,
458,3.4,5,nervous,,,,,
459,6.3,6.1,happy,,,,,
460,3.8,3.8,bored,,,,,
461,4.8,4.4,bored,,,,,
462,5.8,4.6,peaceful,,,,,
463,5,5.7,happy,,,,,
464,5.1,5.6,happy,,,,,
466,6.6,5.9,happy,,,,,
467,5.7,6.8,excited,,,,,
468,3.6,3.4,bored,,,,,
469,5.1,5.3,happy,,,,,
472,6.5,5.2,pleased,,,,,
473,7.1,5.5,pleased,,,,,
475,5.6,5,happy,,,,,
477,7.1,7.2,excited,,,,,
478,2.8,3.2,bored,,,,,
479,4.5,5.7,angry,,,,,
480,2.7,4.1,sad,,,,,
481,3.4,4.7,sad,,,,,
482,1.9,3.5,sad,,,,,
484,6.4,6.5,happy,,,,,
485,2.6,3.7,sad,,,,,
486,6.2,5.7,pleased,,,,,
487,4.5,5.3,angry,,,,,
488,1.6,3.4,sad,,,,,
489,4.6,5.2,angry,,,,,
490,3.9,3.7,sleepy,,,,,
492,4.4,4.8,angry,,,,,
493,3.7,4.9,nervous,,,,,
494,3.7,4.1,sad,,,,,
496,4.7,5.9,annoyed,,,,,
497,6.2,5.7,pleased,,,,,
498,2.9,2.8,bored,,,,,
499,3.6,3.6,bored,,,,,
500,6,5.2,happy,,,,,
501,2.5,4.4,sad,,,,,
502,4.8,4.6,bored,,,,,
503,5.8,6.4,excited,,,,,
504,4.8,4,bored,,,,,
506,2.9,4.1,sad,,,,,
507,4.9,4.8,happy,,,,,
512,5.1,5.4,happy,,,,,
513,3.1,4.2,sad,,,,,
514,4.3,5.8,angry,,,,,
515,3.8,3.4,sleepy,,,,,
518,4.1,3.4,sleepy,,,,,
519,6.8,5.3,pleased,,,,,
520,4,5.5,angry,,,,,
521,3.8,4.6,bored,,,,,
522,3.5,2.7,bored,,,,,
523,5.1,5.9,excited,,,,,
524,3.3,4,sad,,,,,
525,4.3,4.8,angry,,,,,
527,4,5.7,angry,,,,,
529,4.7,5.8,angry,,,,,
530,3.3,3.5,bored,,,,,
535,6.1,6.5,happy,,,,,
536,5.1,4.5,peaceful,,,,,
537,5,2.6,calm,,,,,
540,4.1,4.4,bored,,,,,
544,4.8,4.5,bored,,,,,
547,3.4,4.8,nervous,,,,,
550,4.2,5.9,annoyed,,,,,
551,3.2,4,sad,,,,,
554,2.8,5,nervous,,,,,
555,5.2,4.8,happy,,,,,
556,5.6,6.1,excited,,,,,
558,2.8,3.2,bored,,,,,
560,2.9,4.6,sad,,,,,
561,6.9,7,excited,,,,,
564,4.7,4.9,angry,,,,,
565,3.1,3,bored,,,,,
568,5.4,3.1,calm,,,,,
574,4.5,4.8,angry,,,,,
577,5.6,5.5,happy,,,,,
579,3.1,3.2,bored,,,,,
580,2.4,4.4,sad,,,,,
581,5.3,6,excited,,,,,
582,3.1,4.9,nervous,,,,,
584,2.5,2.4,error,,,,,
585,4,4.2,bored,,,,,
586,5.2,5.9,excited,,,,,
591,5.7,6.2,excited,,,,,
592,5.45,5.09,happy,,,,,
594,4.2,3.1,sleepy,,,,,
597,4.8,6.4,annoyed,,,,,
598,4,5.6,angry,,,,,
600,3.5,4,sad,,,,,
605,4.4,6,annoyed,,,,,
606,4.1,5.6,angry,,,,,
607,4.4,6.1,annoyed,,,,,
608,2.9,3.8,sad,,,,,
609,5.3,5.55,happy,,,,,
610,6.3,6.5,happy,,,,,
611,5.1,4.8,happy,,,,,
612,5.6,6.6,excited,,,,,
613,5.2,6.8,excited,,,,,
614,4.3,3.7,sleepy,,,,,
615,3.2,5,nervous,,,,,
616,3.5,5,nervous,,,,,
617,6.5,3,peaceful,,,,,
620,5.8,4.4,peaceful,,,,,
621,2.9,4.4,sad,,,,,
622,4.5,5,angry,,,,,
623,3.8,5.9,annoyed,,,,,
625,3.1,4.4,sad,,,,,
628,4.9,6.8,excited,,,,,
629,7.4,7.6,happy,,,,,
631,7.6,3.1,error,,,,,
632,4.2,5.4,angry,,,,,
634,4.7,5.8,angry,,,,,
635,6.6,7.6,excited,,,,,
637,2.2,3.6,sad,,,,,
638,3.2,4.4,sad,,,,,
639,6.1,6.3,happy,,,,,
640,7.6,7.8,happy,,,,,
643,3.5,4.2,sad,,,,,
644,4.3,5.6,angry,,,,,
645,4.6,5.7,angry,,,,,
646,3.1,3.8,sad,,,,,
647,3,5.8,nervous,,,,,
648,5.1,6.8,excited,,,,,
649,6.2,6.7,happy,,,,,
650,6,4.2,peaceful,,,,,
651,6.4,7.1,excited,,,,,
652,3.2,4.3,sad,,,,,
653,5.3,6.5,excited,,,,,
654,5.1,4.4,peaceful,,,,,
656,2.6,4.1,sad,,,,,
657,5.1,5.6,happy,,,,,
658,4.4,5.7,angry,,,,,
660,2.1,2.8,sad,,,,,
661,2.2,2.8,sad,,,,,
662,5.9,5.1,happy,,,,,
663,3.3,4.3,sad,,,,,
664,7,6.6,happy,,,,,
665,5.7,6.2,excited,,,,,
666,5.3,5,happy,,,,,
667,4.2,4.9,angry,,,,,
668,5,5.3,happy,,,,,
671,3.1,3.7,bored,,,,,
672,4.4,6.3,annoyed,,,,,
673,6.6,6.7,happy,,,,,
674,6.8,7.4,excited,,,,,
675,5.1,5.8,happy,,,,,
676,6.6,6.6,happy,,,,,
677,6.5,5.3,pleased,,,,,
681,4.9,6.6,excited,,,,,
682,4.8,6,annoyed,,,,,
684,4.3,4.9,angry,,,,,
685,4.5,3.6,sleepy,,,,,
686,3.4,5.5,nervous,,,,,
687,7.3,7.4,happy,,,,,
688,4.3,5,angry,,,,,
689,3.8,4.6,bored,,,,,
690,2.4,4.4,sad,,,,,
691,5,3.7,calm,,,,,
692,6.9,6.1,happy,,,,,
693,6.2,5.3,pleased,,,,,
695,5.9,6.2,excited,,,,,
696,5.3,5.8,happy,,,,,
697,4.8,5.8,angry,,,,,
698,3.9,3.7,sleepy,,,,,
699,3.7,4.5,sad,,,,,
700,4.8,5.6,angry,,,,,
702,7.5,3.3,error,,,,,
703,5.1,6,excited,,,,,
704,4.1,4.2,bored,,,,,
706,5.5,6,excited,,,,,
707,3.2,3.1,bored,,,,,
708,3.2,3.2,bored,,,,,
709,5.8,5,happy,,,,,
710,5.4,5.1,happy,,,,,
711,2.9,3.1,bored,,,,,
712,3.4,5.3,nervous,,,,,
713,4.9,6.3,excited,,,,,
714,4.4,4.8,angry,,,,,
715,2.9,4.3,sad,,,,,
717,4.5,4.9,angry,,,,,
718,5.9,6.5,excited,,,,,
719,7.1,7.2,excited,,,,,
721,5.7,5.5,happy,,,,,
722,5.7,7,excited,,,,,
723,6.5,7.2,excited,,,,,
724,6,6.1,excited,,,,,
725,5.1,5.1,happy,,,,,
726,7,3.6,peaceful,,,,,
727,4.3,4.5,bored,,,,,
728,6.9,7.5,excited,,,,,
729,6.4,3.5,peaceful,,,,,
730,3.7,4.5,sad,,,,,
731,7.3,5.8,pleased,,,,,
732,5.6,6.3,excited,,,,,
733,4.3,5,angry,,,,,
734,5.7,6.3,excited,,,,,
735,4.3,4.9,angry,,,,,
736,2.7,3.7,bored,,,,,
737,4.1,4.9,angry,,,,,
738,5.5,6.2,excited,,,,,
739,6.2,6.9,happy,,,,,
740,3.7,4,sad,,,,,
741,4.6,4.4,bored,,,,,
742,6.1,6.5,happy,,,,,
743,3.1,5,nervous,,,,,
744,6.1,5.5,pleased,,,,,
745,4.2,1.6,sleepy,,,,,
746,3.7,4.6,sad,,,,,
747,3.6,4.9,nervous,,,,,
748,5.1,4.4,peaceful,,,,,
749,4.2,4.9,angry,,,,,
750,5.3,5.7,happy,,,,,
756,5.9,6.8,excited,,,,,
757,6,6.1,excited,,,,,
758,4.8,5.9,annoyed,,,,,
759,6.7,5.9,happy,,,,,
763,3.5,5.5,nervous,,,,,
764,6.3,7.5,excited,,,,,
767,5.2,6.5,excited,,,,,
769,6.2,5,pleased,,,,,
773,4.5,4.7,bored,,,,,
775,3.7,4.4,sad,,,,,
776,3.5,4.5,sad,,,,,
777,6.2,5.1,pleased,,,,,
779,2.8,5.3,nervous,,,,,
780,5.8,6.2,excited,,,,,
781,4.9,6.3,excited,,,,,
782,7.2,4.7,relaxed,,,,,
784,4.7,5.7,angry,,,,,
787,6.1,6.3,happy,,,,,
789,3.9,5.2,angry,,,,,
790,7.2,5.4,pleased,,,,,
791,2.7,4.6,sad,,,,,
794,2.5,4.2,sad,,,,,
795,2.2,3.5,sad,,,,,
796,5.2,5.1,happy,,,,,
797,4.9,5.4,happy,,,,,
798,6.5,5.9,happy,,,,,
799,4.1,5.6,angry,,,,,
800,4.5,4.5,bored,,,,,
801,3.3,3.5,bored,,,,,
804,6.9,6.8,happy,,,,,
805,2.2,3.5,sad,,,,,
806,6.4,6.6,happy,,,,,
807,4.8,6.5,annoyed,,,,,
808,3.1,4.3,sad,,,,,
810,6.5,6.6,happy,,,,,
811,4.1,4.9,angry,,,,,
813,6.2,6.7,happy,,,,,
814,6.1,5.3,pleased,,,,,
815,5.5,5.9,excited,,,,,
818,5.9,6.8,excited,,,,,
819,4,5.7,angry,,,,,
820,6.4,6.4,happy,,,,,
823,4.8,4.8,angry,,,,,
824,7.2,7,excited,,,,,
825,4.1,5.7,angry,,,,,
826,4,4.7,bored,,,,,
829,2.3,4.5,sad,,,,,
830,5.3,5.9,excited,,,,,
831,5.2,6.2,excited,,,,,
833,5,5.8,happy,,,,,
834,4.7,4.3,bored,,,,,
836,7.1,5.7,pleased,,,,,
839,5.7,4.4,peaceful,,,,,
841,4.2,4.7,bored,,,,,
844,3.8,3.4,sleepy,,,,,
845,5.1,4,peaceful,,,,,
846,6,5.5,happy,,,,,
848,2.2,2.7,sad,,,,,
850,3.6,3.1,bored,,,,,
851,5,4.4,peaceful,,,,,
852,4.5,4.7,bored,,,,,
854,2.9,3.8,sad,,,,,
855,2.9,4.5,sad,,,,,
856,6.7,5.6,pleased,,,,,
857,4.9,5.3,happy,,,,,
858,4.4,4.5,bored,,,,,
859,3.6,5.1,nervous,,,,,
860,6.6,6.7,happy,,,,,
863,6.4,7,excited,,,,,
864,5.7,5.9,excited,,,,,
865,2.8,4.6,sad,,,,,
866,5.8,5.1,happy,,,,,
867,5.8,6.5,excited,,,,,
869,2.6,4.1,sad,,,,,
871,6.4,6,happy,,,,,
872,3.4,5.5,nervous,,,,,
873,6.8,7,excited,,,,,
874,6.3,4.4,relaxed,,,,,
876,6.3,6.7,happy,,,,,
879,5.6,6,excited,,,,,
880,4.9,3.8,peaceful,,,,,
882,5.3,5.2,happy,,,,,
884,5.5,5,happy,,,,,
886,5.9,5.4,happy,,,,,
887,5.1,5.6,happy,,,,,
889,6.9,7.2,excited,,,,,
890,3.6,4.7,sad,,,,,
891,3.4,5.5,nervous,,,,,
892,3.9,2.9,sleepy,,,,,
893,7.3,3.3,error,,,,,
897,4.9,4.3,peaceful,,,,,
898,6.4,5.5,pleased,,,,,
899,5.3,6.3,excited,,,,,
902,7,3.3,peaceful,,,,,
903,5.9,5.6,happy,,,,,
904,5.7,4.2,peaceful,,,,,
908,5.5,4.9,happy,,,,,
909,6,5.5,happy,,,,,
910,7,6.6,happy,,,,,
911,7.1,4,relaxed,,,,,
913,4.8,3.3,sleepy,,,,,
915,5,5.2,happy,,,,,
921,5.9,6.1,excited,,,,,
924,5.4,6.2,excited,,,,,
925,4.9,5.7,happy,,,,,
926,4,5.5,angry,,,,,
928,5,4,peaceful,,,,,
931,6.3,6.5,happy,,,,,
932,4.5,4.9,angry,,,,,
934,6.2,6.4,happy,,,,,
936,5.4,4.7,peaceful,,,,,
938,7.3,4.2,relaxed,,,,,
939,6.2,2.7,peaceful,,,,,
941,7.2,5.9,happy,,,,,
942,4.8,4.1,bored,,,,,
944,7.1,6.5,happy,,,,,
945,2.3,2.8,sad,,,,,
949,5.7,6.1,excited,,,,,
952,4.2,3.7,sleepy,,,,,
954,5.1,5.5,happy,,,,,
955,3.8,5.6,angry,,,,,
956,4.5,5.4,angry,,,,,
957,2.8,4.7,sad,,,,,
958,5.5,5.1,happy,,,,,
959,6.2,6.4,happy,,,,,
960,7.7,7.7,happy,,,,,
961,5.6,5.5,happy,,,,,
962,7.4,3.4,error,,,,,
964,7.6,7,happy,,,,,
967,2.8,4.4,sad,,,,,
968,3.8,3.2,sleepy,,,,,
970,6.6,6.6,happy,,,,,
973,6.5,4.6,relaxed,,,,,
974,4.1,4.2,bored,,,,,
976,6.2,5.9,happy,,,,,
977,7.3,3.5,error,,,,,
978,7.7,6.1,pleased,,,,,
979,3.1,5.5,nervous,,,,,
980,5.8,4.3,peaceful,,,,,
981,6.7,6.6,happy,,,,,
983,4.8,6.3,annoyed,,,,,
985,3.9,6.1,annoyed,,,,,
986,5.8,4.5,peaceful,,,,,
987,6.3,3.6,peaceful,,,,,
988,5.4,5.9,excited,,,,,
989,6.3,6.4,happy,,,,,
990,6,6.1,excited,,,,,
991,3.1,3.5,bored,,,,,
993,4.4,3.8,bored,,,,,
994,6.6,5.3,pleased,,,,,
995,4.7,2.4,sleepy,,,,,
996,6,6.7,excited,,,,,
997,6.4,6.7,happy,,,,,
999,4.1,5.9,annoyed,,,,,
1000,6.8,5.6,pleased,,,,,
1001,4.4,3.8,bored,,,,,
1002,4.5,3.2,sleepy,,,,,
1003,5.3,3.3,calm,,,,,
1004,3.8,4.7,bored,,,,,
1005,5.4,5.1,happy,,,,,
1006,4.6,4.4,bored,,,,,
1007,5.2,5.4,happy,,,,,
1008,6,5.4,happy,,,,,
1009,3.5,3.7,bored,,,,,
1010,6.5,6.5,happy,,,,,
1011,4.5,3,sleepy,,,,,
1012,4.3,2.9,sleepy,,,,,
1013,3.2,3.5,bored,,,,,
1014,4.9,4.5,peaceful,,,,,
1015,5.9,6.3,excited,,,,,
1016,3.3,1.9,sleepy,,,,,
1017,4.1,3.8,bored,,,,,
1018,3.7,2.5,sleepy,,,,,
1019,4.3,2.8,sleepy,,,,,
1020,3.4,2.5,sleepy,,,,,
1021,6.2,4.8,pleased,,,,,
1022,3.3,3.3,bored,,,,,
1023,2.9,2.3,sleepy,,,,,
1024,3.2,2.9,bored,,,,,
1025,5.1,6.1,excited,,,,,
1026,3.7,2.8,bored,,,,,
1027,4.6,3.8,bored,,,,,
1028,4.5,4.8,angry,,,,,
1029,3.9,4.5,bored,,,,,
1030,5.7,5.2,happy,,,,,
1031,4.8,5,angry,,,,,
1032,3.3,4.1,sad,,,,,
1033,5.3,5.6,happy,,,,,
1034,3.3,2.8,bored,,,,,
1035,4.3,4.2,bored,,,,,
1036,4.8,3,sleepy,,,,,
1037,5,4.4,peaceful,,,,,
1038,5,4.1,peaceful,,,,,
1039,6.3,4.6,relaxed,,,,,
1040,6.2,5.3,pleased,,,,,
1041,5.6,5.4,happy,,,,,
1042,5,4.3,peaceful,,,,,
1043,4.9,5,happy,,,,,
1044,7.1,6.1,happy,,,,,
1045,4.4,3.1,sleepy,,,,,
1046,5.6,5,happy,,,,,
1047,5.3,4.4,peaceful,,,,,
1048,5,6.7,excited,,,,,
1049,5.3,6.7,excited,,,,,
1050,6,5.8,happy,,,,,
1051,5.2,5.3,happy,,,,,
1052,5.5,6.6,excited,,,,,
1053,4.5,6.3,annoyed,,,,,
1054,3.7,6.3,angry,,,,,
1055,3.7,6.3,angry,,,,,
1056,4.2,5,angry,,,,,
1057,4.7,7.1,annoyed,,,,,
1058,4,5.8,angry,,,,,
1059,4.7,7.5,annoyed,,,,,
1060,5.2,6.1,excited,,,,,
1061,6.5,6.2,happy,,,,,
1062,4.1,4.3,bored,,,,,
1063,5.2,6.4,excited,,,,,
1064,5.2,7.1,excited,,,,,
1065,6,6.4,excited,,,,,
1066,6.1,5.5,pleased,,,,,
1067,4,3.4,sleepy,,,,,
1068,5.9,5.3,happy,,,,,
1069,4.3,5.6,angry,,,,,
1070,5.2,5.8,happy,,,,,
1071,6.5,5.3,pleased,,,,,
1072,6.3,5.5,pleased,,,,,
1073,5.2,3.8,peaceful,,,,,
1074,6.8,6.4,happy,,,,,
1075,6.4,6.6,happy,,,,,
1076,6,5,happy,,,,,
1077,6.4,4.8,pleased,,,,,
1078,6.8,6,happy,,,,,
1079,6.9,5.6,pleased,,,,,
1080,6,5,happy,,,,,
1081,5,3.5,calm,,,,,
1082,6.7,6.4,happy,,,,,
1083,6.1,6.6,happy,,,,,
1084,5.1,3.4,calm,,,,,
1085,6.1,5.2,pleased,,,,,
1086,5.9,4.3,peaceful,,,,,
1087,6,6.4,excited,,,,,
1088,7.3,6.6,pleased,,,,,
1089,6.4,6.6,happy,,,,,
1090,5.6,6.6,excited,,,,,
1091,5.7,5.8,happy,,,,,
1092,5.8,6.3,excited,,,,,
1093,5.8,6,excited,,,,,
1094,6.4,6.3,happy,,,,,
1095,6.2,6.2,happy,,,,,
1096,3.8,3.6,sleepy,,,,,
1097,5.5,5.4,happy,,,,,
1098,6.8,6.3,happy,,,,,
1099,5.7,5.9,excited,,,,,
1100,6.3,5.6,pleased,,,,,
1101,3.7,2.4,sleepy,,,,,
1102,2.3,4.5,sad,,,,,
1103,3.6,3.5,bored,,,,,
1104,4.2,4.4,bored,,,,,
1105,3.8,3.7,sleepy,,,,,
1106,3,3.9,sad,,,,,
1107,3,3.2,bored,,,,,
1108,4.8,3.7,sleepy,,,,,
1109,4.2,2.4,sleepy,,,,,
1110,5.1,5.4,happy,,,,,
1111,3.2,2.9,bored,,,,,
1112,3.1,2.3,sleepy,,,,,
1113,3.4,3,bored,,,,,
1114,3.4,3.3,bored,,,,,
1115,4.4,3.9,bored,,,,,
1116,5.7,3,calm,,,,,
1117,4.2,3.4,sleepy,,,,,
1118,4,1.9,sleepy,,,,,
1119,3.4,2.1,sleepy,,,,,
1120,3.4,2.8,bored,,,,,
1121,3.9,2.3,sleepy,,,,,
1122,6.8,5.4,pleased,,,,,
1123,3.1,3.1,bored,,,,,
1124,5.4,5.1,happy,,,,,
1125,4.9,3,calm,,,,,
1126,3.9,3.2,sleepy,,,,,
1127,3.4,3,bored,,,,,
1128,3.7,2.7,bored,,,,,
1129,3.5,2.4,sleepy,,,,,
1130,3.8,3.1,sleepy,,,,,
1131,4.5,3.4,sleepy,,,,,
1132,4.6,3.4,sleepy,,,,,
1133,5,2.4,calm,,,,,
1134,4.1,2.1,sleepy,,,,,
1135,3.1,2.7,bored,,,,,
1136,4.5,3.4,sleepy,,,,,
1137,4.3,4.2,bored,,,,,
1138,4.4,3.7,sleepy,,,,,
1139,5.1,2.5,calm,,,,,
1140,5.9,5.4,happy,,,,,
1141,4.5,3.6,sleepy,,,,,
1142,3.2,2.1,sleepy,,,,,
1143,3.8,5.1,angry,,,,,
1144,3.7,4.6,sad,,,,,
1145,4.7,2.4,sleepy,,,,,
1146,2.6,3.4,sad,,,,,
1147,4.6,3.6,sleepy,,,,,
1148,3.4,3,bored,,,,,
1149,4,2.6,sleepy,,,,,
1150,4.1,2.3,sleepy,,,,,
1151,5,5.6,happy,,,,,
1152,6.1,5.6,pleased,,,,,
1153,3.9,2.5,sleepy,,,,,
1154,3.9,4.4,bored,,,,,
1155,4.2,4.3,bored,,,,,
1156,7,5.6,pleased,,,,,
1157,6.9,6.1,happy,,,,,
1158,6.2,6.2,happy,,,,,
1159,5.8,6,excited,,,,,
1160,6.4,5.4,pleased,,,,,
1161,4.1,2.5,sleepy,,,,,
1162,3.6,3.8,sad,,,,,
1163,6.2,5.3,pleased,,,,,
1164,3.6,3.1,bored,,,,,
1165,3.5,2.8,bored,,,,,
1166,4.6,3.3,sleepy,,,,,
1167,3.6,2.8,bored,,,,,
1168,4.4,3.3,sleepy,,,,,
1169,3.9,2.8,sleepy,,,,,
1170,3.1,2.1,sleepy,,,,,
1171,3.6,1.9,sleepy,,,,,
1172,3.9,2.5,sleepy,,,,,
1173,4.3,4,bored,,,,,
1174,3.6,3.3,bored,,,,,
1175,3.7,3.4,bored,,,,,
1176,4.9,2.7,calm,,,,,
1177,5.2,3.3,calm,,,,,
1178,4.9,4.5,peaceful,,,,,
1179,3.4,4.1,sad,,,,,
1180,3.3,2.6,sleepy,,,,,
1181,3.7,4.4,sad,,,,,
1182,2.7,2.2,sleepy,,,,,
1183,3.7,3.2,bored,,,,,
1184,4.2,2.3,sleepy,,,,,
1185,6.2,4.8,pleased,,,,,
1186,3.7,1.9,sleepy,,,,,
1187,4.4,4.1,bored,,,,,
1188,4.7,3.3,sleepy,,,,,
1189,4.8,3.2,sleepy,,,,,
1190,3.5,2.2,sleepy,,,,,
1191,4.4,2.6,sleepy,,,,,
1192,3.7,2.9,bored,,,,,
1193,4.4,3.9,bored,,,,,
1194,3.4,2.5,sleepy,,,,,
1195,4.2,4,bored,,,,,
1196,3.8,2.7,sleepy,,,,,
1197,3.9,2.8,sleepy,,,,,
1198,3.5,1.8,sleepy,,,,,
1199,4.5,3.5,sleepy,,,,,
1200,3.2,3.6,bored,,,,,
1201,6,5.5,happy,,,,,
1202,4.1,2.7,sleepy,,,,,
1203,4,3.4,sleepy,,,,,
1204,6.6,5.5,pleased,,,,,
1205,6,5.7,happy,,,,,
1206,5.1,5.8,happy,,,,,
1207,4.7,3.4,sleepy,,,,,
1208,6.2,4.6,relaxed,,,,,
1209,4.4,2.7,sleepy,,,,,
1210,3.8,2.4,sleepy,,,,,
1211,5.5,4.7,peaceful,,,,,
1212,3.5,2.7,bored,,,,,
1213,3.1,2.8,bored,,,,,
1214,6.2,5.3,pleased,,,,,
1215,6.2,5.6,pleased,,,,,
1216,5.5,5.3,happy,,,,,
1217,3.9,2.6,sleepy,,,,,
1218,3.9,4.1,bored,,,,,
1219,4.3,2.2,sleepy,,,,,
1220,3.6,2.2,sleepy,,,,,
1221,5.4,5.3,happy,,,,,
1222,4.1,3.2,sleepy,,,,,
1223,4.6,5.6,angry,,,,,
1224,6.2,6.8,happy,,,,,
1225,3.4,4.6,sad,,,,,
1226,3.9,3.8,bored,,,,,
1227,4.7,5.7,angry,,,,,
1228,5.4,3.3,calm,,,,,
1229,5.2,4.3,peaceful,,,,,
1230,5.3,3.7,calm,,,,,
1231,5.5,6.5,excited,,,,,
1232,6.9,6.3,happy,,,,,
1233,5.5,4.8,happy,,,,,
1234,4.6,3,sleepy,,,,,
1235,4.9,5.8,happy,,,,,
1236,4.5,4.9,angry,,,,,
1237,4.1,3.3,sleepy,,,,,
1238,5.5,5.1,happy,,,,,
1239,6.3,6.7,happy,,,,,
1240,2.7,2.6,sleepy,,,,,
1241,4.1,3.7,sleepy,,,,,
1242,4.7,4.3,bored,,,,,
1243,5.8,5.7,happy,,,,,
1244,4.6,3.7,sleepy,,,,,
1245,6.4,5.3,pleased,,,,,
1246,4.5,3.1,sleepy,,,,,
1247,4.4,6.3,annoyed,,,,,
1248,3.7,3,bored,,,,,
1249,5.1,5.6,happy,,,,,
1250,7,7.4,excited,,,,,
1251,6.9,6.3,happy,,,,,
1252,5.2,5.1,happy,,,,,
1253,4.1,3,sleepy,,,,,
1254,4.7,6.2,annoyed,,,,,
1255,3.4,2,sleepy,,,,,
1256,5.7,5.5,happy,,,,,
1257,5,3.8,peaceful,,,,,
1258,5.7,5.6,happy,,,,,
1259,3.6,2.8,bored,,,,,
1260,7.2,6.5,happy,,,,,
1261,3.8,3.1,sleepy,,,,,
1262,4.5,4.8,angry,,,,,
1263,5.8,5.1,happy,,,,,
1264,4.6,3.6,sleepy,,,,,
1265,5.8,5.5,happy,,,,,
1266,5.6,5.1,happy,,,,,
1267,4.5,3.7,sleepy,,,,,
1268,5.3,3.7,calm,,,,,
1269,3.5,4.4,sad,,,,,
1270,4.6,5.3,angry,,,,,
1271,4.6,4.7,bored,,,,,
1272,4,3.2,sleepy,,,,,
1273,4.8,5.6,angry,,,,,
1274,6,5.4,happy,,,,,
1275,3.5,2.8,bored,,,,,
1276,4.8,5.5,angry,,,,,
1277,2.9,2.2,sleepy,,,,,
1278,5.1,4.1,peaceful,,,,,
1279,5.6,4.2,peaceful,,,,,
1280,5.9,5.4,happy,,,,,
1281,5.4,4.5,peaceful,,,,,
1282,6.8,6.4,happy,,,,,
1283,3.3,5.2,nervous,,,,,
1284,6.3,6.6,happy,,,,,
1285,5.1,4.9,happy,,,,,
1286,3.8,3,sleepy,,,,,
1287,4.5,4.3,bored,,,,,
1288,5.2,3.4,calm,,,,,
1289,5,4.4,peaceful,,,,,
1290,6.6,6.6,happy,,,,,
1291,3.6,2.5,sleepy,,,,,
1292,5.6,5.2,happy,,,,,
1293,5.7,5.1,happy,,,,,
1294,5.9,5.5,happy,,,,,
1295,6.9,6.4,happy,,,,,
1296,5,5.9,excited,,,,,
1297,4.8,3.7,sleepy,,,,,
1298,6.9,5.6,pleased,,,,,
1299,4.5,4.7,bored,,,,,
1300,6,4.5,peaceful,,,,,
1301,4.4,2.8,sleepy,,,,,
1302,4.4,3.8,bored,,,,,
1303,6.1,6.5,happy,,,,,
1304,5.2,6.3,excited,,,,,
1305,4.7,6.2,annoyed,,,,,
1306,5.3,5.3,happy,,,,,
1307,5.1,5.4,happy,,,,,
1308,5.8,5.3,happy,,,,,
1309,6.5,7.4,excited,,,,,
1310,5.1,4.4,peaceful,,,,,
1311,4.1,3.5,sleepy,,,,,
1312,5.3,4,peaceful,,,,,
1313,4.2,3,sleepy,,,,,
1314,4.1,4.1,bored,,,,,
1315,7,6.4,happy,,,,,
1316,5.2,4,peaceful,,,,,
1317,5.3,6.2,excited,,,,,
1318,4.8,4.3,bored,,,,,
1319,6.5,5.6,pleased,,,,,
1320,3.8,6.5,annoyed,,,,,
1321,4.5,5.7,angry,,,,,
1322,6.5,5.5,pleased,,,,,
1323,5.5,5,happy,,,,,
1324,6.1,6.7,happy,,,,,
1325,5.9,5.8,happy,,,,,
1326,6.1,5,pleased,,,,,
1327,5.5,2.8,calm,,,,,
1328,4.4,2.7,sleepy,,,,,
1329,5.3,4.2,peaceful,,,,,
1330,5.7,7.2,excited,,,,,
1331,5.3,4.4,peaceful,,,,,
1332,2.5,2.3,error,,,,,
1333,4.5,5.7,angry,,,,,
1334,3.8,7.8,annoyed,,,,,
1335,5.4,5.6,happy,,,,,
1336,3.6,2.7,bored,,,,,
1337,5,6.5,excited,,,,,
1338,6.2,6.4,happy,,,,,
1339,7.2,6.8,happy,,,,,
1340,6.4,5.7,pleased,,,,,
1341,3.5,3.2,bored,,,,,
1342,6.5,6.4,happy,,,,,
1343,6,5.4,happy,,,,,
1344,6.3,5.5,pleased,,,,,
1345,4.5,2.9,sleepy,,,,,
1346,6.5,5.6,pleased,,,,,
1347,4.6,4,bored,,,,,
1348,5.8,6.3,excited,,,,,
1349,5.2,5.2,happy,,,,,
1350,4,2.6,sleepy,,,,,
1351,6.3,5.9,happy,,,,,
1352,6.7,6.4,happy,,,,,
1353,5.3,6.4,excited,,,,,
1354,4.6,2,sleepy,,,,,
1355,6.3,3.8,relaxed,,,,,
1356,5.2,5.2,happy,,,,,
1357,4.5,6,annoyed,,,,,
1358,6,6,excited,,,,,
1359,3.6,3.4,bored,,,,,
1360,5.5,2.9,calm,,,,,
1361,4.4,2.5,sleepy,,,,,
1362,4.4,5.4,angry,,,,,
1363,5.1,3.6,calm,,,,,
1364,4.3,6.2,annoyed,,,,,
1365,6.5,6.4,happy,,,,,
1366,5.4,6.3,excited,,,,,
1367,7.1,7.2,excited,,,,,
1368,3.4,3.3,bored,,,,,
1369,6.8,6.6,happy,,,,,
1370,4.3,4.1,bored,,,,,
1371,5.7,5.4,happy,,,,,
1372,4.8,5.2,angry,,,,,
1373,6.6,5.7,pleased,,,,,
1374,6,4.1,peaceful,,,,,
1375,5.6,5.6,happy,,,,,
1376,7,6.6,happy,,,,,
1377,3.7,3.1,bored,,,,,
1378,5.5,5.7,happy,,,,,
1379,5.8,5.7,happy,,,,,
1380,4.1,4.5,bored,,,,,
1381,6.1,7.1,excited,,,,,
1382,4.8,4.7,bored,,,,,
1383,5.6,3,calm,,,,,
1384,5.8,5.4,happy,,,,,
1385,6,6,excited,,,,,
1386,5.9,5,happy,,,,,
1387,6.1,4.5,relaxed,,,,,
1388,6.8,7.8,excited,,,,,
1389,4.2,3.3,sleepy,,,,,
1390,6.1,6.3,happy,,,,,
1391,4.3,5.7,angry,,,,,
1392,6.2,6.7,happy,,,,,
1393,6.2,4.1,relaxed,,,,,
1394,6,4.1,peaceful,,,,,
1395,4.7,3.5,sleepy,,,,,
1396,6.1,6,happy,,,,,
1397,4.3,3.3,sleepy,,,,,
1398,6.9,7.6,excited,,,,,
1399,6.1,6.4,happy,,,,,
1400,5.6,5.8,happy,,,,,
1401,5.8,5.3,happy,,,,,
1402,5.6,2.5,calm,,,,,
1403,5.6,5.1,happy,,,,,
1404,3.8,2.7,sleepy,,,,,
1405,3.7,2.2,sleepy,,,,,
1406,3.9,3.7,sleepy,,,,,
1407,3.6,3.8,sad,,,,,
1408,4.2,5,angry,,,,,
1409,4.9,3.7,calm,,,,,
1410,6,4.4,peaceful,,,,,
1411,3.9,2.7,sleepy,,,,,
1412,4.6,3.2,sleepy,,,,,
1413,4.3,4.1,bored,,,,,
1414,3.7,4,sad,,,,,
1415,5.7,4.7,peaceful,,,,,
1416,4.4,2.7,sleepy,,,,,
1417,4.6,2.4,sleepy,,,,,
1418,4.3,3.8,bored,,,,,
1419,3.7,2.5,sleepy,,,,,
1420,4.8,3.1,sleepy,,,,,
1421,4.2,3.2,sleepy,,,,,
1422,4.1,2.8,sleepy,,,,,
1423,4.2,5.5,angry,,,,,
1424,4.5,3.5,sleepy,,,,,
1425,5.1,5.2,happy,,,,,
1426,6.6,6.4,happy,,,,,
1427,5,4.9,happy,,,,,
1428,4.7,3.5,sleepy,,,,,
1429,3,2.3,sleepy,,,,,
1430,4.6,3.2,sleepy,,,,,
1431,4.1,4.1,bored,,,,,
1432,3.7,2.6,sleepy,,,,,
1433,4,3.6,sleepy,,,,,
1434,3.7,2.8,bored,,,,,
1435,3.6,5.3,nervous,,,,,
1436,4.7,3.8,bored,,,,,
1437,5.1,4.5,peaceful,,,,,
1438,3.6,2.9,bored,,,,,
1439,4.1,2.9,sleepy,,,,,
1440,5.1,4.9,happy,,,,,
1441,5,4,peaceful,,,,,
1442,5.3,2.8,calm,,,,,
1443,5.8,2.9,calm,,,,,
1444,4.6,3.1,sleepy,,,,,
1445,5.1,3.6,calm,,,,,
1446,5.8,3.2,calm,,,,,
1447,4.4,4.1,bored,,,,,
1448,4.4,4.4,bored,,,,,
1449,4.6,4.1,bored,,,,,
1450,5.7,5,happy,,,,,
1451,5.1,4.8,happy,,,,,
1452,4.2,3.9,bored,,,,,
1453,4,3.8,bored,,,,,
1454,5.2,3.6,calm,,,,,
1455,4.1,4.2,bored,,,,,
1456,4.3,2.2,sleepy,,,,,
1457,5.4,4.8,happy,,,,,
1458,4.2,4.7,bored,,,,,
1459,5.4,5.1,happy,,,,,
1460,4.8,3.9,bored,,,,,
1461,5.3,4.2,peaceful,,,,,
1462,4.8,3.9,bored,,,,,
1463,3.3,3,bored,,,,,
1464,4.8,4.4,bored,,,,,
1465,5.2,3.7,calm,,,,,
1466,6.1,4.5,relaxed,,,,,
1467,4,4.2,bored,,,,,
1468,3.7,2,sleepy,,,,,
1469,3.1,3.2,bored,,,,,
1470,5.1,3.2,calm,,,,,
1471,7.3,6.8,pleased,,,,,
1472,5,5.2,happy,,,,,
1473,6.1,6,happy,,,,,
1474,6.6,6.4,happy,,,,,
1475,4.3,3.2,sleepy,,,,,
1476,4.5,5.1,angry,,,,,
1477,5.1,4.5,peaceful,,,,,
1478,5.1,3.5,calm,,,,,
1479,5,5.1,happy,,,,,
1480,4.8,5.3,angry,,,,,
1481,3.9,3.7,sleepy,,,,,
1482,4.3,3.4,sleepy,,,,,
1483,3.9,3.8,bored,,,,,
1484,4.4,3.8,bored,,,,,
1485,4.7,3.8,bored,,,,,
1486,3.7,2.9,bored,,,,,
1487,4.3,2.4,sleepy,,,,,
1488,4.9,3.9,peaceful,,,,,
1489,4.9,4.6,peaceful,,,,,
1490,3.8,3.1,sleepy,,,,,
1491,4.8,5.2,angry,,,,,
1492,3.3,2.8,bored,,,,,
1493,4,6.1,annoyed,,,,,
1494,4.9,3.8,peaceful,,,,,
1495,4.4,3.9,bored,,,,,
1496,6.1,5.8,pleased,,,,,
1497,4.4,3.6,sleepy,,,,,
1498,4.8,3.8,bored,,,,,
1499,4.8,4.5,bored,,,,,
1500,3.8,3.2,sleepy,,,,,
1501,5,4.9,happy,,,,,
1502,7.2,7,excited,,,,,
1503,5.9,4.1,peaceful,,,,,
1504,6,5.9,excited,,,,,
1505,4.2,4.9,angry,,,,,
1506,5,4.8,happy,,,,,
1507,5.5,5.7,happy,,,,,
1508,5.9,5.3,happy,,,,,
1509,5.9,5.4,happy,,,,,
1510,4.1,5.6,angry,,,,,
1511,5.5,5.6,happy,,,,,
1512,3.8,5.2,angry,,,,,
1513,6.1,6.3,happy,,,,,
1514,4.6,5.4,angry,,,,,
1515,4.4,4.8,angry,,,,,
1516,5.6,4.9,happy,,,,,
1517,6,5,happy,,,,,
1518,6.1,6.3,happy,,,,,
1519,5,5.6,happy,,,,,
1520,5.3,5.3,happy,,,,,
1521,4.8,4.9,angry,,,,,
1522,5.2,5.7,happy,,,,,
1523,6.9,4.8,pleased,,,,,
1524,5.6,4.4,peaceful,,,,,
1525,4.5,4.5,bored,,,,,
1526,5.9,5.9,excited,,,,,
1527,4.5,4.7,bored,,,,,
1528,5.5,4.6,peaceful,,,,,
1529,5.4,5.7,happy,,,,,
1530,6.2,4.2,relaxed,,,,,
1531,5.1,4.8,happy,,,,,
1532,5.8,5.6,happy,,,,,
1533,5.2,5.3,happy,,,,,
1534,5.7,5.7,happy,,,,,
1535,5.4,5.3,happy,,,,,
1536,4.8,3.4,sleepy,,,,,
1537,5.9,3.4,calm,,,,,
1538,6.3,4.7,relaxed,,,,,
1539,4.4,4.7,bored,,,,,
1540,5.7,5.1,happy,,,,,
1541,5.2,4.6,peaceful,,,,,
1542,5.5,5.5,happy,,,,,
1543,6.1,5.4,pleased,,,,,
1544,6.4,5.4,pleased,,,,,
1545,4.8,4.8,angry,,,,,
1546,5.3,4.4,peaceful,,,,,
1547,4,5.8,angry,,,,,
1548,4.6,3.7,sleepy,,,,,
1549,4.9,5.2,happy,,,,,
1550,4.8,3.7,sleepy,,,,,
1551,5.6,5.4,happy,,,,,
1552,5.6,5.6,happy,,,,,
1553,5.6,5.9,excited,,,,,
1554,5.8,4.5,peaceful,,,,,
1555,4.4,2.9,sleepy,,,,,
1556,4.7,6.1,annoyed,,,,,
1557,5.5,6.3,excited,,,,,
1558,3.4,5.9,angry,,,,,
1559,5.8,5.2,happy,,,,,
1560,5.2,5.2,happy,,,,,
1561,5,6,excited,,,,,
1562,4.8,6.3,annoyed,,,,,
1563,5.1,5.7,happy,,,,,
1564,6.1,6.4,happy,,,,,
1565,4.6,4.9,angry,,,,,
1566,6.2,5.3,pleased,,,,,
1567,4,5,angry,,,,,
1568,5.4,6,excited,,,,,
1569,5.6,5.8,happy,,,,,
1570,5.2,4.6,peaceful,,,,,
1571,4.4,6.9,annoyed,,,,,
1572,5.5,5,happy,,,,,
1573,4.9,3.6,calm,,,,,
1574,5.9,5.4,happy,,,,,
1575,5.2,5.1,happy,,,,,
1576,5.4,3.9,peaceful,,,,,
1577,5.2,4.7,peaceful,,,,,
1578,5.9,4.8,happy,,,,,
1579,5.8,4.9,happy,,,,,
1580,6.1,5.2,pleased,,,,,
1581,6.5,6.1,happy,,,,,
1582,5.9,5.4,happy,,,,,
1583,5.6,5.2,happy,,,,,
1584,4.9,4.6,peaceful,,,,,
1585,5,3.9,peaceful,,,,,
1586,4.3,5,angry,,,,,
1587,5,5.5,happy,,,,,
1588,4.9,5.8,happy,,,,,
1589,5.8,6.1,excited,,,,,
1590,4.2,6.2,annoyed,,,,,
1591,5.9,4.7,peaceful,,,,,
1592,6.1,6.4,happy,,,,,
1593,4.7,3.5,sleepy,,,,,
1594,5.6,5.4,happy,,,,,
1595,5.6,5.9,excited,,,,,
1596,5.5,5.1,happy,,,,,
1597,5.5,5,happy,,,,,
1598,4.3,5.5,angry,,,,,
1599,3.6,4.1,sad,,,,,
1600,5.6,5.6,happy,,,,,
1601,5,5.3,happy,,,,,
1602,5,3.7,calm,,,,,
1603,5.4,3.9,peaceful,,,,,
1604,4.5,3.6,sleepy,,,,,
1605,5.6,4,peaceful,,,,,
1606,5.6,4.9,happy,,,,,
1607,4.5,3,sleepy,,,,,
1608,4.5,7,annoyed,,,,,
1609,6.4,6.5,happy,,,,,
1610,6.4,4.1,relaxed,,,,,
1611,5.7,6.2,excited,,,,,
1612,3.8,3.1,sleepy,,,,,
1613,6.2,6.6,happy,,,,,
1614,6.6,4.6,relaxed,,,,,
1615,5.7,4.6,peaceful,,,,,
1616,4.8,5.5,angry,,,,,
1617,6.1,5.9,happy,,,,,
1618,6.1,3.9,relaxed,,,,,
1619,5.2,5.3,happy,,,,,
1620,6.3,5.7,pleased,,,,,
1621,6.1,6,happy,,,,,
1622,6,5.9,excited,,,,,
1623,5.6,5.3,happy,,,,,
1624,5.7,6.4,excited,,,,,
1625,4.9,4.4,peaceful,,,,,
1626,6.1,6,happy,,,,,
1627,4.4,3.9,bored,,,,,
1628,4.7,4.8,angry,,,,,
1629,6.4,6.3,happy,,,,,
1630,6,5.4,happy,,,,,
1631,5.7,4.8,happy,,,,,
1632,5.2,3.4,calm,,,,,
1633,6.5,6.3,happy,,,,,
1634,5.5,6.1,excited,,,,,
1635,6.8,6.1,happy,,,,,
1636,4.6,5.2,angry,,,,,
1637,5.5,3.6,calm,,,,,
1638,5.9,3.9,peaceful,,,,,
1639,5.3,5.3,happy,,,,,
1640,6.6,6.1,happy,,,,,
1641,4.6,5.3,angry,,,,,
1642,5.1,4.9,happy,,,,,
1643,4.4,4.3,bored,,,,,
1644,5,5.9,excited,,,,,
1645,5.8,5.7,happy,,,,,
1646,4.5,3.7,sleepy,,,,,
1647,7.1,5.8,pleased,,,,,
1648,3.9,2.5,sleepy,,,,,
1649,6.1,6,happy,,,,,
1650,5.9,4.7,peaceful,,,,,
1651,4.8,6,annoyed,,,,,
1652,7.2,6.3,happy,,,,,
1653,4.3,3.1,sleepy,,,,,
1654,4.8,3.1,sleepy,,,,,
1655,6.1,6.1,happy,,,,,
1656,4.7,4,bored,,,,,
1657,5.6,5.7,happy,,,,,
1658,6.2,5.9,happy,,,,,
1659,4.6,4.6,bored,,,,,
1660,5.2,5.5,happy,,,,,
1661,5.7,6.3,excited,,,,,
1662,6.1,6,happy,,,,,
1663,4.6,4.9,angry,,,,,
1664,4.2,4,bored,,,,,
1665,5.6,5.7,happy,,,,,
1666,3.8,3.3,sleepy,,,,,
1667,6,7.5,excited,,,,,
1668,5.5,5.5,happy,,,,,
1669,5.5,4.9,happy,,,,,
1670,5.9,5.4,happy,,,,,
1671,4.2,3.3,sleepy,,,,,
1672,4.4,2.6,sleepy,,,,,
1673,6.1,5.9,happy,,,,,
1674,5,5.3,happy,,,,,
1675,5.5,5.7,happy,,,,,
1676,5.6,4.9,happy,,,,,
1677,6.8,6.4,happy,,,,,
1678,5.1,4.2,peaceful,,,,,
1679,5.4,5.6,happy,,,,,
1680,6.8,6.1,happy,,,,,
1681,5,3.5,calm,,,,,
1682,6.1,5.8,pleased,,,,,
1683,6,4.8,happy,,,,,
1684,5.1,5,happy,,,,,
1685,5.4,4.5,peaceful,,,,,
1686,3.7,3.3,bored,,,,,
1687,5.1,4.7,peaceful,,,,,
1688,5.2,4.7,peaceful,,,,,
1689,7.1,6.4,happy,,,,,
1690,5.4,4.6,peaceful,,,,,
1691,3.7,3.6,bored,,,,,
1692,3.8,3.3,sleepy,,,,,
1693,4.4,3.8,bored,,,,,
1694,4.5,6.1,annoyed,,,,,
1695,5.7,5.6,happy,,,,,
1696,3.8,3.3,sleepy,,,,,
1697,3.3,2.8,bored,,,,,
1698,4.5,4.5,bored,,,,,
1699,5.1,5,happy,,,,,
1700,5.6,5,happy,,,,,
1701,4,3.1,sleepy,,,,,
1702,4.1,3.9,bored,,,,,
1703,5.3,6.7,excited,,,,,
1704,5.3,6.4,excited,,,,,
1705,4,4.4,bored,,,,,
1706,4.9,4,peaceful,,,,,
1707,3.5,4,sad,,,,,
1708,4.2,3.6,sleepy,,,,,
1709,4,3.8,bored,,,,,
1710,3.6,2.9,bored,,,,,
1711,5,3.2,calm,,,,,
1712,4.4,2.9,sleepy,,,,,
1713,6.2,5.7,pleased,,,,,
1714,6.1,4,relaxed,,,,,
1715,5.9,5.6,happy,,,,,
1716,5.8,5.4,happy,,,,,
1717,6,4.8,happy,,,,,
1718,4.7,3.5,sleepy,,,,,
1719,5,3.3,calm,,,,,
1720,7.5,6,pleased,,,,,
1721,4.2,2.9,sleepy,,,,,
1722,5,3.1,calm,,,,,
1723,4.3,3.4,sleepy,,,,,
1724,3.7,3.3,bored,,,,,
1725,5.2,4.4,peaceful,,,,,
1726,4.6,3.2,sleepy,,,,,
1727,4.9,4.7,peaceful,,,,,
1728,3.1,4.7,sad,,,,,
1729,5.1,5.4,happy,,,,,
1730,5.3,3.9,peaceful,,,,,
1731,4.2,3.6,sleepy,,,,,
1732,4.2,3,sleepy,,,,,
1733,3.8,3.3,sleepy,,,,,
1734,5.1,5.2,happy,,,,,
1735,4.7,3,sleepy,,,,,
1736,4.7,3.1,sleepy,,,,,
1737,3.6,3.6,bored,,,,,
1738,2.8,4.8,nervous,,,,,
1739,3.7,2.8,bored,,,,,
1740,5.3,4.3,peaceful,,,,,
1741,3.3,3.5,bored,,,,,
1742,6.8,5.1,pleased,,,,,
1743,6.8,6.5,happy,,,,,
1744,4.9,4.3,peaceful,,,,,
1745,7.1,5.9,happy,,,,,
1746,5.7,4.8,happy,,,,,
1747,4.3,2.9,sleepy,,,,,
1748,5.4,4.1,peaceful,,,,,
1749,6.7,4.6,relaxed,,,,,
1750,4.7,5.3,angry,,,,,
1751,4.1,4.3,bored,,,,,
1752,5.5,6.1,excited,,,,,
1753,3.2,3.4,bored,,,,,
1754,4.2,2.4,sleepy,,,,,
1755,6.4,5.7,pleased,,,,,
1756,4.4,3.9,bored,,,,,
1757,5,3.1,calm,,,,,
1758,5.4,3,calm,,,,,
1759,5.4,4.7,peaceful,,,,,
1760,4.3,4.1,bored,,,,,
1761,7.9,7.1,happy,,,,,
1762,6.1,5.4,pleased,,,,,
1763,4.4,3.5,sleepy,,,,,
1764,4.9,4,peaceful,,,,,
1765,5.8,4.6,peaceful,,,,,
1766,3.7,3,bored,,,,,
1767,3.8,2.4,sleepy,,,,,
1768,4.1,3.1,sleepy,,,,,
1769,5.9,5.3,happy,,,,,
1770,4.5,2.9,sleepy,,,,,
1771,4.9,5.3,happy,,,,,
1772,5.6,4.3,peaceful,,,,,
1773,5.4,4.1,peaceful,,,,,
1774,4.9,4.8,happy,,,,,
1775,4.6,3,sleepy,,,,,
1776,4.8,3.8,bored,,,,,
1777,5.3,4.4,peaceful,,,,,
1778,4.4,3.2,sleepy,,,,,
1779,5.7,2.9,calm,,,,,
1780,4.8,3.5,sleepy,,,,,
1781,4.2,2.7,sleepy,,,,,
1782,4.7,5.2,angry,,,,,
1783,4.2,3.3,sleepy,,,,,
1784,5.5,5.1,happy,,,,,
1785,5.6,5.2,happy,,,,,
1786,4.2,3.1,sleepy,,,,,
1787,3.9,3.4,sleepy,,,,,
1788,3.6,6,angry,,,,,
1789,5.9,5.1,happy,,,,,
1790,3.8,3.3,sleepy,,,,,
1791,5.3,3.3,calm,,,,,
1792,6.1,5.1,pleased,,,,,
1793,5.1,4.2,peaceful,,,,,
1794,4.2,3.7,sleepy,,,,,
1795,3.9,3,sleepy,,,,,
1796,5.8,6,excited,,,,,
1797,3.6,4.1,sad,,,,,
1798,5.7,4,peaceful,,,,,
1799,5.8,4.5,peaceful,,,,,
1800,3.4,2.6,sleepy,,,,,
1801,3.4,2.8,bored,,,,,
1802,5.7,6.6,excited,,,,,
1803,4.1,3.6,sleepy,,,,,
1804,5.7,5.9,excited,,,,,
1805,5.7,4.9,happy,,,,,
1806,6.5,6.2,happy,,,,,
1807,5.7,5.3,happy,,,,,
1808,5.4,5.3,happy,,,,,
1809,4,4.1,bored,,,,,
1810,4.1,4,bored,,,,,
1811,4.6,4.7,bored,,,,,
1812,5,5,happy,,,,,
1813,6.1,5.7,pleased,,,,,
1814,6,5.8,happy,,,,,
1815,6.4,5.8,pleased,,,,,
1816,5,4.5,peaceful,,,,,
1817,6.6,6,happy,,,,,
1818,4.3,3.2,sleepy,,,,,
1819,4.1,4.1,bored,,,,,
1820,4.5,4.4,bored,,,,,
1821,6.2,6.6,happy,,,,,
1822,4.7,3.5,sleepy,,,,,
1823,2.7,5.6,nervous,,,,,
1824,6.2,5.7,pleased,,,,,
1825,4.8,4.5,bored,,,,,
1826,5.1,3.7,calm,,,,,
1827,5.6,6.7,excited,,,,,
1828,5.8,6.6,excited,,,,,
1829,4.8,3.6,sleepy,,,,,
1830,5.7,5.3,happy,,,,,
1831,6.2,5.6,pleased,,,,,
1832,5.7,5.2,happy,,,,,
1833,4.5,3.2,sleepy,,,,,
1834,6.3,5.7,pleased,,,,,
1835,5.3,3.2,calm,,,,,
1836,5.6,4.6,peaceful,,,,,
1837,4.2,2.9,sleepy,,,,,
1838,4.6,5,angry,,,,,
1839,6,5.7,happy,,,,,
1840,4.8,5.4,angry,,,,,
1841,4.6,3.1,sleepy,,,,,
1842,5.8,6.3,excited,,,,,
1843,4.9,4.7,peaceful,,,,,
1844,6.1,5.5,pleased,,,,,
1845,5.9,5.9,excited,,,,,
1846,5.8,5.8,happy,,,,,
1847,3.2,2.6,sleepy,,,,,
1848,5.5,5,happy,,,,,
1849,6,5.8,happy,,,,,
1850,3.7,2.7,bored,,,,,
1851,4.6,3.3,sleepy,,,,,
1852,4.1,4.7,bored,,,,,
1853,6.5,5.7,pleased,,,,,
1854,5.2,4.5,peaceful,,,,,
1855,5.4,6,excited,,,,,
1856,6.1,6.7,happy,,,,,
1857,5.3,5,happy,,,,,
1858,5.2,5.6,happy,,,,,
1859,5.2,5,happy,,,,,
1860,3.7,3.5,bored,,,,,
1861,5.1,5,happy,,,,,
1862,5.1,4.9,happy,,,,,
1863,6.4,5.7,pleased,,,,,
1864,6.1,7.4,excited,,,,,
1865,6.8,5.9,happy,,,,,
1866,4.8,4.5,bored,,,,,
1867,4.2,4,bored,,,,,
1868,5.8,5,happy,,,,,
1869,4.1,3.7,sleepy,,,,,
1870,5.4,5.6,happy,,,,,
1871,6.4,6.6,happy,,,,,
1872,4.5,4.2,bored,,,,,
1873,4.7,3.4,sleepy,,,,,
1874,5,6.3,excited,,,,,
1875,6.3,6.2,happy,,,,,
1876,6.3,5,pleased,,,,,
1877,6.2,5.5,pleased,,,,,
1878,6.7,6.3,happy,,,,,
1879,5.4,6.4,excited,,,,,
1880,5.4,3.2,calm,,,,,
1881,5,5.2,happy,,,,,
1882,5.5,6.2,excited,,,,,
1883,5.6,4.5,peaceful,,,,,
1884,6.5,5.6,pleased,,,,,
1885,3.9,3.9,bored,,,,,
1886,4.1,3,sleepy,,,,,
1887,6,5.8,happy,,,,,
1888,3.4,3.2,bored,,,,,
1889,5.6,5.5,happy,,,,,
1890,6,5.8,happy,,,,,
1891,5,3.5,calm,,,,,
1892,5.1,6.1,excited,,,,,
1893,6.3,6.2,happy,,,,,
1894,4.8,4.8,angry,,,,,
1895,6.5,5.9,happy,,,,,
1896,4.9,2.1,calm,,,,,
1897,4.2,3.8,bored,,,,,
1898,5.1,4.2,peaceful,,,,,
1899,5,4.1,peaceful,,,,,
1900,6.5,6.7,happy,,,,,
1901,5.2,6.4,excited,,,,,
1902,4.4,7.3,annoyed,,,,,
1903,3.2,6.9,angry,,,,,
1904,4.1,3.4,sleepy,,,,,
1905,3.7,6.5,angry,,,,,
1906,4.4,6.2,annoyed,,,,,
1907,4.9,6.5,excited,,,,,
1908,5.2,5.1,happy,,,,,
1909,4.9,5,happy,,,,,
1910,3.8,3.3,sleepy,,,,,
1911,4.3,5.4,angry,,,,,
1912,5.4,5.5,happy,,,,,
1913,6,6.5,excited,,,,,
1914,5.3,6.3,excited,,,,,
1915,6.3,6.5,happy,,,,,
1916,5.4,6.3,excited,,,,,
1917,4.1,4.6,bored,,,,,
1918,3.4,4.6,sad,,,,,
1919,4.5,5.4,angry,,,,,
1920,5.7,6.4,excited,,,,,
1921,4.4,6.5,annoyed,,,,,
1922,5.6,5.8,happy,,,,,
1923,6.4,6.2,happy,,,,,
1924,5.3,5.7,happy,,,,,
1925,4.9,4.5,peaceful,,,,,
1926,5.2,6.1,excited,,,,,
1927,5.6,4.6,peaceful,,,,,
1928,3.7,5.6,nervous,,,,,
1929,5.1,6.7,excited,,,,,
1930,4.6,4,bored,,,,,
1931,4.7,5.5,angry,,,,,
1932,4.8,6,annoyed,,,,,
1933,5.2,7,excited,,,,,
1934,5.8,3.8,peaceful,,,,,
1935,4.7,4.4,bored,,,,,
1936,2.9,3,bored,,,,,
1937,4.3,3.9,bored,,,,,
1938,5.6,7,excited,,,,,
1939,4.4,3.2,sleepy,,,,,
1940,5.1,5.6,happy,,,,,
1941,5.2,4.4,peaceful,,,,,
1942,6.4,6.8,happy,,,,,
1943,4.2,4.4,bored,,,,,
1944,6.1,5.1,pleased,,,,,
1945,6,6.1,excited,,,,,
1946,4,6,annoyed,,,,,
1947,5,7.4,excited,,,,,
1948,4,6.7,annoyed,,,,,
1949,2.2,5.1,nervous,,,,,
1950,3.8,3.4,sleepy,,,,,
1951,4.6,4,bored,,,,,
1952,4.1,4.4,bored,,,,,
1953,5.1,4.4,peaceful,,,,,
1954,6.7,5.7,pleased,,,,,
1955,5.5,6.5,excited,,,,,
1956,5.4,5.9,excited,,,,,
1957,4.8,4.8,angry,,,,,
1958,4.8,5.1,angry,,,,,
1959,4.7,5.8,angry,,,,,
1960,4.5,6.7,annoyed,,,,,
1961,5.9,5.3,happy,,,,,
1962,4.4,5,angry,,,,,
1963,3.9,5.5,angry,,,,,
1964,3.6,6.7,angry,,,,,
1965,3.3,3.5,bored,,,,,
1966,3.6,5,nervous,,,,,
1967,4.7,6.9,annoyed,,,,,
1968,4.6,6.18,annoyed,,,,,
1969,3.7,5.7,nervous,,,,,
1970,5.9,7.1,excited,,,,,
1971,5.5,5.5,happy,,,,,
1972,6,5.9,excited,,,,,
1973,4.3,4.3,bored,,,,,
1974,3.4,4.7,sad,,,,,
1975,4.7,5.6,angry,,,,,
1976,4.9,5.4,happy,,,,,
1977,4.7,5.2,angry,,,,,
1978,6.5,6.5,happy,,,,,
1979,5.5,7.2,excited,,,,,
1980,5.5,5.4,happy,,,,,
1981,5.1,5.8,happy,,,,,
1982,4.5,4.5,bored,,,,,
1983,2.9,3.4,bored,,,,,
1984,3.7,2.9,bored,,,,,
1985,4.8,5.6,angry,,,,,
1986,4,5.1,angry,,,,,
1987,6.5,6.3,happy,,,,,
1988,5.5,5.8,happy,,,,,
1989,5,5.7,happy,,,,,
1990,4.2,4.1,bored,,,,,
1991,5,6,excited,,,,,
1992,4.9,6.8,excited,,,,,
1993,3.5,7,annoyed,,,,,
1994,3.8,3.5,sleepy,,,,,
1995,4.7,4.7,bored,,,,,
1996,3.9,5.9,annoyed,,,,,
1997,5.3,3.9,peaceful,,,,,
1998,6.4,6.2,happy,,,,,
1999,4.6,5.4,angry,,,,,
2000,5.8,6,excited,,,,,